<?xml version="1.0" encoding="UTF-8"?>
<root>
  <item name="com.mindlibrary.images.DeferredRequestCreator callback">
    <annotation name="android.support.annotation.VisibleForTesting" />
  </item>
  <item name="com.mindlibrary.images.DeferredRequestCreator target">
    <annotation name="android.support.annotation.VisibleForTesting" />
  </item>
  <item name="com.mindlibrary.images.MindLibImage com.mindlibrary.images.RequestCreator load(int) 0">
    <annotation name="android.support.annotation.DrawableRes" />
  </item>
  <item name="com.mindlibrary.images.MindLibImage void cancelRequest(android.widget.RemoteViews, int) 1">
    <annotation name="android.support.annotation.IdRes" />
  </item>
  <item name="com.mindlibrary.images.OkHttp3Downloader client">
    <annotation name="android.support.annotation.VisibleForTesting" />
  </item>
  <item name="com.mindlibrary.images.Request.Builder Builder(int) 0">
    <annotation name="android.support.annotation.DrawableRes" />
  </item>
  <item name="com.mindlibrary.images.Request.Builder com.mindlibrary.images.Request.Builder resize(int, int) 0">
    <annotation name="android.support.annotation.Px" />
  </item>
  <item name="com.mindlibrary.images.Request.Builder com.mindlibrary.images.Request.Builder resize(int, int) 1">
    <annotation name="android.support.annotation.Px" />
  </item>
  <item name="com.mindlibrary.images.Request.Builder com.mindlibrary.images.Request.Builder setResourceId(int) 0">
    <annotation name="android.support.annotation.DrawableRes" />
  </item>
  <item name="com.mindlibrary.images.RequestCreator RequestCreator()">
    <annotation name="android.support.annotation.VisibleForTesting" />
  </item>
  <item name="com.mindlibrary.images.RequestCreator com.mindlibrary.images.RequestCreator error(int) 0">
    <annotation name="android.support.annotation.DrawableRes" />
  </item>
  <item name="com.mindlibrary.images.RequestCreator com.mindlibrary.images.RequestCreator placeholder(int) 0">
    <annotation name="android.support.annotation.DrawableRes" />
  </item>
  <item name="com.mindlibrary.images.RequestCreator void into(android.widget.RemoteViews, int, int, android.app.Notification) 1">
    <annotation name="android.support.annotation.IdRes" />
  </item>
  <item name="com.mindlibrary.images.RequestCreator void into(android.widget.RemoteViews, int, int, android.app.Notification, java.lang.String) 1">
    <annotation name="android.support.annotation.IdRes" />
  </item>
  <item name="com.mindlibrary.images.RequestCreator void into(android.widget.RemoteViews, int, int, android.app.Notification, java.lang.String, com.mindlibrary.images.Callback) 1">
    <annotation name="android.support.annotation.IdRes" />
  </item>
  <item name="com.mindlibrary.images.RequestCreator void into(android.widget.RemoteViews, int, int[]) 1">
    <annotation name="android.support.annotation.IdRes" />
  </item>
  <item name="com.mindlibrary.images.RequestCreator void into(android.widget.RemoteViews, int, int[], com.mindlibrary.images.Callback) 1">
    <annotation name="android.support.annotation.IdRes" />
  </item>
</root>

